domain	fake_sum
albawaba.com	1.0
en.granma.cu	1.0
dailyheadlines.net	3.0
c19early.com	1.0
eastpennyroyalnews.com	1.0
itaglive.com	2.0
laharbornews.com	1.0
necoloradonews.com	1.0
ourhealthguides.com	1.0
biodefense.com	1.0
thespectator.info	1.0
countdowntozerotime.com	1.0
southgeorgiatimes.com	1.0
eviemagazine.com	1.0
shtfplan.com	1.0
huzlers.com	1.0
nhbusinessdaily.com	1.0
drrichswier.com	1.0
defconnews.com	1.0
theconservativebrief.com	1.0
newsdaily12.com	3.0
northstlnews.com	1.0
thepublicdiscourse.com	1.0
magafeed.com	1.0
mediazone.news	2.0
usapolitics24hrs.com	3.0
darkpolitricks.com	1.0
femalista.com	1.0
anotherdayintheempire.com	1.0
jeffersonreporter.com	1.0
patriotrising.com	1.0
theinformedamerican.net	1.0
religionmind.com	3.0
shreveportreporter.com	1.0
americanflavor.news	1.0
sott.net	1.0
iwanttoexplore.com	2.0
takimag.com	1.0
nwwaynenews.com	1.0
southernindianatoday.com	1.0
allnewspipeline.com	2.0
secretsofthefed.com	1.0
mainebusinessdaily.com	1.0
freedomoutpost.com	1.0
politicsusanews.com	3.0
batonrougereporter.com	1.0
informationliberation.com	1.0
dailystormer.com	2.0
shiawasseetimes.com	1.0
newsbreakingspipe.com	2.0
sanmateosun.com	1.0
enhlive.com	2.0
myzonetoday.com	2.0
mediaroots.org	1.0
gangstergovernment.com	1.0
springstimes.com	1.0
libertywire.net	1.0
thepulse.one	1.0
viraltube.nl	1.0
wisconsindailystar.com	1.0
thewashingtonpress.com	3.0
thefrisky.com	1.0
c19pvpi.com	1.0
hudsontoday.com	1.0
c19ly.com	1.0
peta.org	1.0
sedenvernews.com	1.0
americanfreepress.net	2.0
cnnews3.com	2.0
usa360-tv.com	1.0
americanpeopledaily.com	1.0
conservativeoutfitters.com	1.0
glitch.news	1.0
nationalzero.com	1.0
savethemales.ca	1.0
eastvolusianews.com	1.0
eckansasnews.com	1.0
infogalactic.com	1.0
stillnessinthestorm.com	2.0
bigamericannews.com	1.0
northpanhandlenews.com	1.0
dailynews10.com	2.0
organicfacts.net	1.0
fresnoleader.com	1.0
americantoday.us	1.0
new.deepleftfield.info	1.0
rockvalleytimes.com	1.0
conservativebeaver.com	1.0
gatesofvienna.net	1.0
nwatlantanews.com	1.0
southbaysdnews.com	1.0
southwichitanews.com	1.0
annarbortimes.com	1.0
dailynewsbin.com	2.0
conservativechoicecampaign.com	1.0
politicono.com	3.0
eutimes.net	2.0
c19ic.com	1.0
cbsnews.com.co	2.0
frc.org	1.0
keywestreporter.com	1.0
rightwingtribune.com	1.0
healthandmoneynews.wordpress.com	1.0
patrioticpost.com	1.0
southbergennews.com	1.0
automaticearth.com	1.0
illicitinfo.com	1.0
northsfvtoday.com	1.0
liberalplug.com	3.0
brotherjohnf.com	1.0
cnnnext.com	1.0
yaliberty.org	1.0
faithit.com	1.0
gop.gov	1.0
winningdemocrats.com	1.0
apost.com	1.0
presidentialhill.com	1.0
nefloridanews.com	1.0
westernjournal.com/ct	1.0
childrenshealthdefense.org	1.0
unmuzzlednews.com	1.0
northnewcastlenews.com	1.0
24online.news	1.0
sgtreport.com	1.0
eaglerising.com	2.0
mchenrytimes.com	1.0
santeplusmag.com	1.0
elizabethtowntimes.com	1.0
westcontracostanews.com	1.0
livevote.com	1.0
bransontimes.com	1.0
freewoodpost.com	1.0
patriotnewsdaily.com	1.0
desmoinessun.com	1.0
geoengineeringwatch.org	2.0
coconinonews.com	1.0
northbirminghamtimes.com	1.0
seconnnews.com	1.0
viralstupid.com	1.0
nextnewsnetwork.com	1.0
wolfstreet.com	1.0
swprs.org	1.0
en.bbarta24.net	1.0
lansingsun.com	1.0
nydailynews-tv.com	1.0
universepolitics.com	3.0
nevo.news	1.0
guerillanews.com	1.0
breakingfirst.com	1.0
chambanasun.com	1.0
wy21news.com	1.0
whatfinger.com	1.0
imperialcanews.com	1.0
bluegrasstimes.com	1.0
kerncountytimes.com	1.0
newsbuzzdaily.com	1.0
gender.news	1.0
sekentuckynews.com	1.0
rearfront.com	1.0
naugatucktimes.com	1.0
supportisraelnow.com	1.0
survivalblog.com	1.0
neonnettle.com	3.0
79days.news	1.0
bigislandtimes.com	1.0
christiantimesnewspaper.com	2.0
2020conservative.com	1.0
rilenews.com	1.0
eastsbvtimes.com	1.0
peoriastandard.com	1.0
creativedestructionmedia.com	1.0
americasnewssource.com	1.0
ddemocraticunderground.com	1.0
medicalcensorship.com	1.0
asamericanasapplepie.org	1.0
minneapolisreview.com	1.0
citizensunited.org	1.0
redacted.inc	1.0
usbacklash.org	1.0
departed.co	2.0
newslo.com	3.0
sovereignman.com	1.0
conservativetribune.com	1.0
de.rt.com	1.0
usareally.com	1.0
rhotv.com	1.0
newsphd.com	2.0
greenpeace.org	1.0
theunionjournal.com	1.0
westhillsboroughnews.com	1.0
liberalamerica.org	1.0
santacruzstandard.com	1.0
staresattheworld.com	1.0
northlaketimes.com	1.0
northomahatimes.com	1.0
nation.com.pk	1.0
townhall.com	1.0
hawkeyereporter.com	1.0
realnews24.com	1.0
lastresistance.com	1.0
njbusinessdaily.com	1.0
gummypost.com	2.0
americanlookout.com	2.0
newsfeedhunter.com	1.0
theexaminer.site	1.0
urdoca.com	1.0
npr.news	1.0
channel65news.com	1.0
thehornnews.com	1.0
the-global-news.com	1.0
monroereview.com	1.0
lifeandabout.com	1.0
truthrevolt.org	1.0
antoniusaquinas.wp.com	1.0
unclesamsmisguidedchildren.com	1.0
usapoliticszone.com	3.0
c19ivermectin.com	1.0
independentsentinel.com	1.0
empiresports.co	1.0
24x365live.com	1.0
sanfransun.com	1.0
altnewsmedia.net	1.0
mohavetoday.com	1.0
aim.org	1.0
stpetestandard.com	1.0
noqreport.com	1.0
realfarmacy.com	2.0
guardian.ng	1.0
eastidahotimes.com	1.0
higherperspectives.com	2.0
rockfordsun.com	1.0
threeriversgazette.com	1.0
nybusinessdaily.com	1.0
revolutionradio.org	1.0
conservativeinfocorner.com	2.0
worldtruth.tv	3.0
grandrapidsminews.com	1.0
kingscountytimes.com	1.0
leftaction.com	1.0
timesofcambodia.com	1.0
trumpvision365.com	2.0
libertyvideos.org	1.0
stateofthenation.co	1.0
thelastgreatstand.com	1.0
notallowedto.com	3.0
dcgazette.com	2.0
newsammo.com	1.0
pollhype.com	1.0
echocheck.org	1.0
thegoldandoilguy.com/articles	1.0
ihypocrite.net	1.0
palmerreport.com	1.0
rudaw.net/english	1.0
greatlakeswire.com	1.0
sussexreview.com	1.0
swbluegrassnews.com	1.0
returntonow.net	1.0
liveaction.org	1.0
conservative7.com	1.0
sacramentostandard.com	1.0
amren.com	2.0
en.mehrnews.com	1.0
michiganindependent.com	1.0
tomwoods.com	1.0
itemfix.com	1.0
frankspeech.com	1.0
randpaul.news	1.0
sevegasnews.com	1.0
usapoliticsnow.com	3.0
facebook.com/conservativepoliticstoday	1.0
sydneybulletin.com	1.0
nckansasnews.com	1.0
seatlantanews.com	1.0
breakingnewsblast.com	1.0
oxfordreporter.com	1.0
trumptrainnews.com	1.0
shoalstoday.com	1.0
educate-yourself.org	2.0
bostontribune.com	3.0
globalskywatch.com	1.0
thelibertybeacon.com	2.0
althealthworks.com	1.0
christiananswers.net	1.0
peachtreegazette.com	1.0
president45donaldtrump.com	3.0
newsbreak.com	1.0
fdahealthnews.com	1.0
theavocadonews.com	1.0
londonwebnews.com	2.0
fr.sputniknews.com	1.0
northkentnews.com	1.0
positivedaily.com	1.0
northcrane.com	1.0
healthnutnews.com	2.0
thephaser.com	1.0
capstonereport.com	1.0
passaictoday.com	1.0
mercola.com	1.0
treasurecoastsun.com	1.0
snoopack.com	1.0
krbcnews.com	2.0
viralliberty.com	2.0
proamericanews.com	2.0
nrlc.org	1.0
wisconsinlaketimes.com	1.0
breakpoint.org	1.0
ifyouonlynews.com	1.0
now8news.com	4.0
naturecoasttimes.com	1.0
herbreference.com	1.0
commondreams.org	1.0
breitbart.com	2.0
c19rmd.com	1.0
waynedupree.com	1.0
defiantamerica.com	1.0
defenseusa.club	1.0
jihadwatch.org	1.0
nwnewmexiconews.com	1.0
thebl.com	1.0
philosophers-stone.info	1.0
theepochtimes.com	1.0
cnsnews.com	2.0
conspiracyplanet.com	1.0
rodong.rep.kp/en	1.0
prntly.com	4.0
thenewamerican.com	1.0
northcountryreporter.com	1.0
sjlendman.blogspot.com	1.0
theamericanmirror.com	1.0
altleft.news	1.0
fabiosa.com	1.0
wrpm33.com	1.0
redorbit.com	1.0
kmt11.com	3.0
expose-news.com	1.0
blackpigeonspeaks.com	1.0
northsgvnews.com	1.0
sloreporter.com	1.0
postcard.news	1.0
northcooknews.com	1.0
tamparepublic.com	1.0
cnewsgo.com	1.0
coachellatoday.com	1.0
ufoholic.com	1.0
stanislausnews.com	1.0
anews24.org	2.0
aurora-news.us	2.0
libertynews.com	2.0
yournewswire.com	2.0
mcleancountytimes.com	1.0
banned.video	1.0
c19curcumin.com	1.0
childrenshealthdefense.org/defender	1.0
nomorefakenews.com	2.0
ntd.com	1.0
abovetopsecret.com	2.0
sickchirpse.com	1.0
nenewyorktoday.com	1.0
vancouverinquirer.com	1.0
blackinusrancenews.com	1.0
southnewcastlenews.com	1.0
informationclearinghouse.info	2.0
southmianews.com	1.0
americannewsx.com	1.0
bannedbook.org	1.0
nationalfile.com	1.0
12minutos.com	1.0
channel33news.com	1.0
santafestandard.com	1.0
msbusinessdaily.com	1.0
europereloaded.com	1.0
aapsonline.org	1.0
jonesborotimes.com	1.0
davidharrisjr.com	1.0
themichiganstar.com	1.0
bossip.com	1.0
rsbnetwork.com	1.0
expose1933.com	1.0
allianceforadvancedhealth.com	1.0
liveactionnews.org	1.0
occupyliberals.com	1.0
thejeffreylord.com	1.0
defendingtherepublic.org	1.0
naturalstatenews.com	1.0
christiantoday.info	1.0
maconreporter.com	1.0
conservativeview.info	1.0
nationalvanguard.org	1.0
ncindiananews.com	1.0
southfultontoday.com	1.0
ihealthtube.com	1.0
morningnewsusa.com	1.0
givemeliberity01.com	1.0
nasamoonhoax.com	1.0
gmwatch.org	1.0
247newsmedia.com	1.0
necalinews.com	1.0
wcgeorgianews.com	1.0
bostonleader.com	3.0
votefraud.news	1.0
cornhuskerstatenews.com	1.0
lacrosseleader.org	1.0
eastmichigannews.com	1.0
lehighnews.org	1.0
dailywire.com	1.0
farmwars.info	2.0
easthillsboroughnews.com	1.0
midmichiganstd.com	1.0
nutrientreference.com	1.0
mdstatewire.com	1.0
houstonleader.com	1.0
indiatimes.com	1.0
burlingtonreview.com	1.0
rense.com	2.0
weibo.com	1.0
centerforsecuritypolicy.org	2.0
abcnewsgo.co	1.0
christianscience.com	1.0
conservative-headlines.org	1.0
cannasos.com	2.0
thelibertydaily.com	1.0
dailystar.co.uk	1.0
syrianews.cc	1.0
prophecynewswatch.com	1.0
thetruedefender.com	1.0
americanpartisan.org	1.0
nworeport.me	1.0
cobbreporter.com	1.0
bioscienceresource.org	1.0
openmindmagazine.com	1.0
swmontanatimes.com	1.0
swlouisiananews.com	1.0
nutritionfacts.org	1.0
springfieldstandard.com	1.0
orlandostandard.com	1.0
gettr.com	1.0
parler.com	1.0
stcloudsun.com	1.0
qanon.pub	1.0
heatst.com	1.0
konkonsagh.biz	3.0
trump.news	1.0
centralcoloradonews.com	1.0
churchmilitant.com	1.0
en.mercopress.com	1.0
nepanhandlenews.com	1.0
emeraldcoasttimes.com	1.0
wikileaks.org	1.0
thecoloradoherald.com	1.0
usaphase.com	2.0
endingthefed.com	2.0
northoctimes.com	1.0
drnorthrup.com	1.0
dineal.com	1.0
arabnews.com	1.0
lowedeltanews.com	1.0
libsoftiktok.com	1.0
wcalabamanews.com	1.0
factrider.com	1.0
macedoniaonline.eu	1.0
civictribune.com	3.0
atlstandard.com	1.0
1tv.ru	1.0
conservativeflashnews.com	2.0
lewrockwell.com	2.0
tasnimnews.com/en	1.0
politicspaper.com	1.0
ncarkansasnews.com	1.0
onepoliticalplaza.com	3.0
salemnewswire.com	1.0
politicalmayhem.news	1.0
archaeology-world.com	1.0
theantimedia.org	1.0
americansarepissed.com	1.0
sundaypost.org	1.0
americanpresident.co	2.0
usanewsinsider.com	2.0
internationalviewpoint.org	1.0
decaturtimes.com	1.0
gemstatewire.com	1.0
legalnewsline.com	1.0
seillinoisnews.com	1.0
cryptogon.com	1.0
scalaskanews.com	1.0
trunews.com	1.0
beachbroadcastnews.com	1.0
waterlootimes.com	1.0
presscalifornia.com	1.0
chicotimes.com	1.0
pinestatenews.com	1.0
harfordnews.com	1.0
pravda.ru	1.0
steadfastandloyal.com	1.0
wisconsinindependent.com	1.0
whitehouse.news	1.0
ecmissnews.com	1.0
plymouthreporter.com	1.0
fireboebert.com	1.0
mediamass.net	2.0
treason.news	1.0
educateinspirechange.org/health	1.0
powerpoliticians.com	1.0
jbs.org	1.0
mabusinessdaily.com	1.0
easternwaynetoday.com	1.0
rapturenewsnetwork.com	1.0
usdefensewatch.com	1.0
channel-7-news.com	3.0
southafricatoday.net	1.0
friendsofscience.org	1.0
conservativeinfidel.com	2.0
politicops.com	2.0
mediafactwatch.com	1.0
realnewsnow.com	1.0
reflectionofmind.org	1.0
lifesitenews.com	2.0
nwkentuckynews.com	1.0
prophecytoday.com	1.0
southgwinnettnews.com	1.0
origo.hu	1.0
bigbluevision.org	1.0
sunflowerstatenews.com	1.0
bristolreporter.com	1.0
nwgeorgianews.com	1.0
yc.news	1.0
abcnews-us.com	1.0
americansecuritynews.com	1.0
thetrumpmedia.com	4.0
redstatewatcher.com	2.0
sfvtoday.com	1.0
annearundeltoday.com	1.0
debka.com	1.0
concernedwomen.org/blog	1.0
downtrend.com	1.0
hangthebankers.com	1.0
eastwichitatimes.com	1.0
ncgeorgianews.com	1.0
ecology.news	1.0
washingtonpost.com.co	4.0
veteranstoday.com	2.0
pinellastimes.com	1.0
tass.com	1.0
channel24news.com	1.0
momsforliberty.org	1.0
belgique.actualites.co	1.0
news14kgpn.com	1.0
cowgernation.com	2.0
themoralofthestory.us	3.0
tfp.org	1.0
mncatholictribune.com	1.0
gnews.org	1.0
usafortrumponline.com	1.0
dailyusaupdate.com	2.0
ky12news.com	3.0
healingfoodreference.com	1.0
auburntimes.com	1.0
plattenews.com	1.0
realconservativesunite.com	1.0
americanlibertyemail.com	1.0
worldnewspolitics.com	1.0
modernalternativemama.com	1.0
krb7.com	2.0
warroom.org	1.0
mauireporter.com	1.0
diyhours.net	2.0
stlwestnews.com	1.0
fl24.net	1.0
pamelageller.com	2.0
christiansfortruth dot com	1.0
northeastherald.org	1.0
westonaprice.org	1.0
lindelltv.com	1.0
dailynews33.com	1.0
silverstatetimes.com	1.0
usainfobox.com	2.0
disobedientmedia.com	1.0
dcleaks.com	1.0
eastsierranews.com	1.0
laxleader.com	1.0
cityworldnews.com	2.0
tucsonstandard.com	1.0
scaryhours.com	1.0
nwarkansasnews.com	1.0
: thieme-connect.com/products/ejournals/journal/10.1055/s-00034926	1.0
platosguns.com	1.0
eastsfvtoday.com	1.0
whatstheharm.net	1.0
theregionnews.com	1.0
anti-empire.com	1.0
wakeupthesheep.com	1.0
worldcouncilforhealth.org	1.0
dekalbtimes.com	1.0
scnebraskanews.com	1.0
politicalflare.com	1.0
coreysdigs.com	1.0
ussanews.com	1.0
urbanimagemagazine.com	1.0
patriotuproar.com	1.0
nevalleytimes.com	1.0
wtoe5news.com	1.0
afa.net	1.0
interestingdailynews.com	3.0
eluxemagazine.com	1.0
teapartypatriots.org	1.0
asia-pacificresearch.com	2.0
corona-transition.org	1.0
jesus-is-savior.com	2.0
en.newsner.com	1.0
sanjoaquintimes.com	1.0
libertyplanets.com	1.0
truthpress.com	1.0
downrivertoday.com	1.0
newpoliticstoday.com	3.0
centralgeorgianews.com	1.0
objectivist.co	1.0
uspoliticslive.com	1.0
theusaconservative.com	1.0
wcmissourinews.com	1.0
ancient-code.com	2.0
livingwhole.org	1.0
thoughtcrimeradio.net	1.0
milwaukeemetrotimes.com	1.0
firstinfreedomdaily.com	1.0
northmichigannews.com	1.0
us24news.com	1.0
hartfordreporter.com	1.0
ocalastandard.com	1.0
westflnews.com	1.0
pollution.news	1.0
pdmj.org	1.0
amposts.com	2.0
icr.org	2.0
conservativepoliticus.com	1.0
buckscountystandard.com	1.0
undergroundnewsreport.com	3.0
thefreedomtimes.com	1.0
conservativestate.com	1.0
northalaskanews.com	1.0
medicaldaily.com	1.0
sandiegocitywire.com	1.0
swiowatimes.com	1.0
uschronicle.com	1.0
rebelnews.com	1.0
thenationalpulse.com	1.0
pop.org	1.0
newstarget.com	2.0
politicalo.com	3.0
paulcraigroberts.org	2.0
hereistheevidence.com	1.0
globalpoliticsnow.com	2.0
patientdaily.com	1.0
c19bromhexine.com	1.0
gulagbound.com	1.0
82.221.129.208	2.0
english.almanar.com.lb	1.0
nwmissnews.com	1.0
themindunleashed.org	1.0
kbc14.com	1.0
toddstarnes.com	1.0
tennesseestar.com	1.0
duffelblog.com	1.0
patriotupdate.com	1.0
trueactivist.com	2.0
illuminatiwatcher.com	1.0
somersettimes.com	1.0
disclosuremedia.net	1.0
occupyyourself.org	1.0
eastarapahoenews.com	1.0
smag31.com	2.0
369news.net	1.0
conservative101.com	1.0
segeorgianews.com	1.0
healingoracle.ch	1.0
alphanews.org	1.0
bigleaguepolitics.com	1.0
itccs.org	1.0
baystatenews.com	1.0
newsinsideout.com	1.0
therooster.com	1.0
deepstatejournal.com	1.0
cap-news.com	3.0
hannity.com	1.0
blackinsurancenews.com	1.0
dallastimes.us	1.0
wnd.com	2.0
dupagepolicyjournal.com	1.0
grundyreporter.com	1.0
patdollar.com	1.0
quincyreporter.com	1.0
nationalenquirer.com	1.0
highereducationtribune.com	1.0
legitgov.org	1.0
france.actualites.co	1.0
whatreallyhappened.com	2.0
grunge.com	1.0
maganews.co	2.0
thefreepatriot.org	2.0
stoppingsocialism.com	1.0
westsgvnews.com	1.0
nckentuckynews.com	1.0
worldrumor.com	2.0
space.news	1.0
ohioindependent.com	1.0
www1.cbn.com	1.0
tpusa.com/ and turningpoint.news	1.0
freedomnewsreport.com	1.0
foxnews.com	1.0
usadailypolitics.com	2.0
mintpressnews.com	1.0
ae911truth.org	1.0
riverregiontimes.com	1.0
elitereaders.com	1.0
conservativebyte.com	2.0
stormcloudsgathering.com	2.0
mutembeitv.com	1.0
hollandreporter.com	1.0
americanpatriotdaily.com	2.0
easttwincities.com	1.0
augustarichmondherald.com	1.0
gbnews.com	1.0
medicalkidnap.com	1.0
newsinstact.com	1.0
centralstlnews.com	1.0
quillette.com	1.0
megynkelly.us	2.0
themillenniumreport.com	1.0
theohiostar.com	1.0
dailysnark.com	1.0
themuslimissue.wordpress.com	1.0
mad-yet.blogspot.com	1.0
grandcanyontimes.com	1.0
political-discussion.com	1.0
brevardsun.com	1.0
southbendtimes.com	1.0
wicatholictribune.com	1.0
skeptiko.com	2.0
disclose.tv	3.0
kentcountytoday.com	1.0
kty24news.com	1.0
morningpoll.com	1.0
veteransfordonaldtrump.com	2.0
neindiananews.com	1.0
nephef.com	3.0
americanprinciplesproject.org	1.0
redstate.com	1.0
diedsuddenly.info	1.0
midmassnews.com	1.0
antinews.com	2.0
riverbendtimes.com	1.0
redice.tv	1.0
channel59news.com	1.0
patriotnewsfeed.com	1.0
science.news	1.0
arizonaindependent.com	1.0
rawforbeauty.com	1.0
swvalleytimes.com	1.0
thetruthseeker.co.uk	2.0
dailynewsposts.info	2.0
buffalochronicle.com	1.0
ncmissnews.com	1.0
hoosierstatetoday.com	1.0
anh-usa.org	1.0
anokatimes.com	1.0
conservapedia.com	2.0
projectveritas.com	2.0
endtime.com	1.0
adamscountytimes.com	1.0
redvoicemedia.com	1.0
piedmonttribune.com	1.0
newsbreakshere.com	3.0
aroostooknews.com	1.0
lawrencereporter.com	1.0
wallbuilders.com	1.0
rightnewswire.com	1.0
proudleader.com	1.0
empirehearland.com	1.0
flagandcross.com	1.0
dailyhealthpost.com	1.0
clayreporter.com	1.0
westmassnews.com	1.0
segrandrapids.com	1.0
english.alarabiya.net	1.0
powderedwigsociety.com	1.0
livingstontoday.com	1.0
newsuptoday.com	1.0
newsleak.co	3.0
vidmax.com	1.0
knowledgeoftoday.org	1.0
mohawkvalleytimes.com	1.0
redpolitics.us	1.0
worldgreynews.com	1.0
theeconomiccollapseblog.com	1.0
sangamonsun.com	1.0
pocatellotimes.com	1.0
beckernews.com	1.0
usanews4u.us	1.0
xinhuanet.com	1.0
healthyfoodhouse.com	1.0
republicandaily.net	1.0
wmb36.com	1.0
rogue-nation3.com	3.0
sohu.com	1.0
womenarehuman.com	1.0
geopolitics.co	1.0
yellowstonetimes.com	1.0
columbusstandard.com	1.0
floridasunpost.com	2.0
theworldupdate.com	2.0
consumerwellness.org	1.0
free-speechfront.info	1.0
theinternetpost.net	3.0
metricmedianews.com	1.0
usatoday.com.co	2.0
sandovalnews.com	1.0
headlineusa.com	1.0
patriotfetch.com	1.0
theextinctionprotocol.com	1.0
awakecanada.org	1.0
dailybuzzlive.com	4.0
foodbabe.com	2.0
independentminute.com	2.0
stclairtoday.com	1.0
ihatethemedia.com	1.0
newswatch33.com	3.0
naturalnews.com	2.0
herb.co	1.0
politicususa.com	1.0
thecareerbd.com	1.0
abqtimes.com	1.0
syriana-analysis.com	1.0
militarywatchmagazine.com	1.0
offgridsurvival.com	1.0
russia-insider.com	2.0
eugenics.news	1.0
foodmatters.com	1.0
drudgereport.com	1.0
mindbodygreen.com	1.0
blackagendareport.com	1.0
farsnews.ir	1.0
coffeebreakforyou.com	1.0
informer.rs	1.0
newsmutiny.com	1.0
proudcons.com	1.0
micapitolnews.com	1.0
counterthink.com	1.0
familysurvivalheadlines.com	1.0
educationdailywire.com	1.0
miamistandard.news	1.0
galesburgreporter.com	1.0
c19favipiravir.com	1.0
redoubtnews.com	1.0
neatlantanews.com	1.0
ushealthylife.com	3.0
naturalpedia.com	1.0
dailymail.co.uk	1.0
illinoisvalleytimes.com	1.0
nemissourinews.com	1.0
pravdareport.com	2.0
technocracy.news	1.0
thriveglobal.com	1.0
trendingpoliticsnews.com	1.0
c19vitaminc.com	1.0
vaccines.news	1.0
unitedmediapublishing.com	2.0
westdsmnews.com	1.0
nutritionalanarchy.com	1.0
trueamericans.me	3.0
britainfirst.org	1.0
rushlimbaugh.com	1.0
news.cn	1.0
nowtheendbegins.com	2.0
headtopics.com/us/#	1.0
jordanbpeterson.com	1.0
northernwitimes.com	1.0
stjoebentonharbor.com	1.0
focusnews.info	1.0
oftwominds.com	1.0
uspostman.com	3.0
thepolitics.online	1.0
wakingupwisconsin.com	1.0
occupydemocrats.com	2.0
newsnow17.com	1.0
spinzon.com	1.0
tmzbusiness.com	1.0
ebolahoax.com	1.0
therealshtick.com	2.0
autismspeaks.org	1.0
dailysceptic.org	1.0
upgazette.com	1.0
henrymakow.com	1.0
usanewshome.com	1.0
bb4sp.com	3.0
globalhealingcenter.com	1.0
claycotimes.com	1.0
lewistontimes.com	1.0
swcoloradonews.com	1.0
seoaklandnews.com	1.0
cosmicintelligenceagency.com	1.0
welovetrump.com	1.0
drudgereport.com.co	2.0
c19nitazoxanide.com	1.0
truthbroadcastnetwork.com	1.0
puppetstringnews.com	2.0
abeldanger.net	1.0
theduran.com	2.0
kcst7.com	1.0
orientalreview.org	1.0
firststatetimes.com	1.0
constitutionstatenews.com	1.0
gript.ie	1.0
mesatimes.org	1.0
ukcolumn.org	1.0
greatamericandaily.com	1.0
halturnerradioshow.com	1.0
analyzingamerica.org/youngconservatives	1.0
secureamericanow.org	1.0
trumpstudents.org	1.0
summit.news	1.0
vrevealed.com	1.0
bowlinggreentoday.com	1.0
laketahoesun.com	1.0
thefreethoughtproject.com	2.0
washoenews.com	1.0
bigskytimes.com	1.0
seiowanews.com	1.0
solanosun.com	1.0
nemissnews.com	1.0
okeechobeetimes.com	1.0
thehighwire.com	1.0
nwiowanews.com	1.0
shafaq.com	1.0
blacknews.com	1.0
success-street.com	3.0
thetruthwins.com	1.0
electroverse.net	1.0
24jours.com	1.0
fortsmithtimes.com	1.0
politichicks.com	1.0
lovethispic.com	1.0
financialsurvivalnetwork.com	1.0
biggovernment.news/index.html	1.0
jocotoday.com	1.0
kcreporter.com	1.0
tobacconewswire.com	1.0
dailysurge.com	3.0
unitynewsnetwork.co.uk	1.0
infoscum.com	1.0
fedsalert.com	2.0
usa-television.com	3.0
principia-scientific.org/ or principia-scientific.com	1.0
indiaarising.com	1.0
16wmpo.com	2.0
uniteamericafirst.com	1.0
abriluno.com	1.0
sentinelblog.com	1.0
swriversidenews.com	1.0
uspoln.com	3.0
politicalupdator.com	1.0
worldaffairsbrief.com	1.0
thenationalnews.com/us	1.0
bluntforcetruth.com	1.0
greatreject.org	1.0
conservativerefocus.com	1.0
antiwar.com	1.0
easthudvalleynews.com	1.0
farminsurancenews.com	1.0
sheepkillers.com	2.0
benjaminfulford.typepad.com	1.0
nationonenews.com	1.0
mobusinessdaily.com	1.0
southomahatimes.com	1.0
yournationnews.com	1.0
christianaction.org	1.0
sonsoflibertyradio.com	1.0
munciereporter.com	1.0
reddingtoday.com	1.0
dailypoliticsusa.com	1.0
evil.news	1.0
anonjekloy.tk	3.0
dekalbganews.com	1.0
countercurrentnews.com	1.0
c19melatonin.com	1.0
climatechangedispatch.com	1.0
dnyuz.com	1.0
unz.com	2.0
corbettreport.com	2.0
mercertimes.com	1.0
pjmedia.com	2.0
c19hcq.com	1.0
curiousmindmagazine.com	1.0
molonlabemedia.com	1.0
eastindynews.com	1.0
politicalears.com	1.0
sustainablepulse.com	1.0
libertytalk.fm	2.0
en.hawarnews.org	1.0
sputniknews.com	2.0
prevention.com	1.0
regated.com	1.0
semontananews.com	1.0
discovery.org	1.0
c19budesonide.com	1.0
escapeallthesethings.com	1.0
twitchy.com	1.0
channel60news.com	1.0
americanexperiment.org	1.0
renewedright.com	1.0
nachrichten365.com	1.0
southerncoloradotimes.com	1.0
treasurevalleytimes.com	1.0
swillinoisnews.com	1.0
whitepower.com	1.0
mexicodailypost.com	1.0
sonsoflibertymedia.com	1.0
montereytimes.com	1.0
presscorp.org	1.0
skepticink.com	1.0
nolareporter.com	1.0
conservativearmy88.com	1.0
americannews.com	3.0
stlrecord.com	1.0
brandnewtube.com	1.0
southcooknews.com	1.0
oceancountyleader.com	1.0
prageru.com	1.0
victorvalleytimes.com	1.0
dailycitizen.focusonthefamily.com	1.0
bridgeporttimes.com	1.0
thereporterz.com	2.0
en-vovle.com	1.0
truetrumpers.com	3.0
anonnews.co	1.0
centraloctimes.com	1.0
freedomainradio.com	1.0
constative.com	1.0
prisonplanet.tv	1.0
reagancoalition.com	2.0
southalamedanews.com	1.0
ihavethetruth.com	1.0
flcatholictribune.com	1.0
thirdestatenewsgroup.com	1.0
makeamericagreattoday.com	1.0
gellerreport.com	1.0
amusmentic.com	1.0
beantowntimes.com	1.0
uncoverdc.com	1.0
ustruthwire.com	1.0
swalaskanews.com	1.0
athensreporter.com	1.0
yellowhammertimes.com	1.0
ruthinstitute.org	1.0
democraticunderground.com	1.0
truth11.com	1.0
in the conspiracy-pseudoscience category may publish unverifiable information that is not always supported by evidence. these sources may be untrustworthy for credible/verifiable information, therefore fact checking and further investigation is recommended on a per article basis when obtaining information from these sources. see all conspiracy-pseudoscience sources.	1.0
westeldoradonews.com	1.0
libertywritersnews.com	1.0
usa-radio.com	3.0
conservativeglobe.com	1.0
americanconsequences.com	1.0
learnprogress.org	3.0
centralfloridapost.com	1.0
thevirginiastar.com	1.0
techstartups.com	1.0
vaccinepapers.org	1.0
conservativehq.com	1.0
northramseynews.com	1.0
firearmscoalition.org	1.0
adflegal.org	1.0
vaccineimpact.com	1.0
attitude.co.uk	1.0
christianfightback.com	1.0
telesurenglish.net	1.0
mecklenburgherald.com	1.0
albanystandard.com	1.0
thejewishvoice.com	1.0
naplesstandard.com	1.0
americanpolicy.org	1.0
campusinsanity.com	1.0
ancient-origins.net	1.0
horowitzfreedomcenter.org	1.0
northkentuckynews.com	1.0
armyusanews.com	1.0
infostormer.com	2.0
metropolitanworlds.com	3.0
savannahsuntimes.com	1.0
usafirstinformation.com	3.0
matsutimes.com	1.0
goneleft.com	2.0
theflstandard.com	1.0
hopkinsvilletimes.com	1.0
lafayettetimes.com	1.0
topinfopost.con	1.0
nassaustandard.com	1.0
naturalsociety.com	1.0
glaringhypocrisy.com	1.0
additudemag.com	1.0
home.nra.org	1.0
elkharttimes.com	1.0
usanewstoday.com	4.0
populistpress.com	1.0
news18.com	1.0
actualized.org	1.0
libtards.news	1.0
sebluegrassnews.com	1.0
dont-tread-on.me	1.0
howardconews.com	1.0
newsheist.com	1.0
organicconsumers.org	1.0
macontimes.com	1.0
departedme.com	2.0
washingtonexaminer.com	1.0
discoverthenetworks.org	1.0
nunadisbereel.com	1.0
theautomaticearth.com	1.0
southpalmbeachtoday.com	1.0
ushealthyadvisor.com	3.0
jewsnews.co.il	3.0
off-guardian.org	2.0
majorthoughts.com	3.0
illegalaliencrimereport.com	1.0
eastlouisvillenews.com	1.0
creambmp.com	1.0
other98.com	2.0
swarkansastimes.com	1.0
greenmedinfo.com	2.0
diamondandsilkinc.com	1.0
ilovenativeamericans.us	1.0
wcindiananews.com	1.0
vactruth.com	1.0
yourfunpage.com	2.0
thepoliticalinsider.com	3.0
bdnews24.com	1.0
southoctimes.com	1.0
iheartintelligence.com	1.0
kendallcountytimes.com	1.0
z3news.com	1.0
mibusinessdaily.com	1.0
swindiananews.com	1.0
thenet24h.com	3.0
nationandstate.com	1.0
newspushed.com	1.0
pinaltoday.com	1.0
ipatriot.com	1.0
disntr.com	1.0
city-herald.com	1.0
shoebat.com	2.0
urdupoint.com/en	1.0
givemeliberty01.com	1.0
nekansasnews.com	1.0
instaworldnews.com	1.0
littleappletimes.com	1.0
trueviralnews.com	1.0
publishedreporter.com	1.0
swampdrain.com	1.0
checkoutthehealthyworld.com	1.0
darkjournalist.com	1.0
westventuranews.com	1.0
geologyin.com	1.0
politicalcult.com	1.0
trialsitenews.com	1.0
thepostemail.com	1.0
eaglevalleytimes.com	1.0
buzzfeedusa.com	2.0
facebook.com/womensrightsnews	1.0
bitchute.com	1.0
remedydaily.com	1.0
oaklandtimes.org	1.0
bjreview.com	1.0
freeworldnews.tv	1.0
nwminnesotanews.com	1.0
democrats.org	1.0
usanewsflash.com	2.0
local31news.com	3.0
jeffcitynews.com	1.0
dailyoccupation.com	1.0
ladylibertynews.com	2.0
southsfbaynews.com	1.0
micatholictribune.com	1.0
mrc.org	1.0
nationalreport.net	2.0
govtslaves.com	1.0
thoughtcatalog.com	1.0
pacificpundit.com	1.0
geoengineering.news	1.0
portlandmainenews.com	1.0
washingtonfeed.com	1.0
lafayettereporter.com	1.0
intellihub.com	1.0
politifact.news	1.0
damnleaks.com	2.0
conservativeammo.com	1.0
bestnewshere.com	1.0
aheadoftheherd.com	1.0
ilovemyfreedom.org	1.0
godlikeproductions.com	2.0
freeinfomedia.com	1.0
100percentfedup.com	2.0
centralmontanatimes.com	1.0
sputniknews.in	1.0
presstv.ir	2.0
andersonreporter.com	1.0
persecutes.com	1.0
addictinginfo.org	1.0
thesolexchange.com	1.0
cdareporter.com	1.0
pantsonfirenews.com	1.0
naturalcures.com	1.0
freddymag.com	1.0
cnn-globalnews.com	1.0
galacticconnection.com	1.0
thecountersignal.com	1.0
visiontimes.com	1.0
weeklyworldnews.com	2.0
kanecountyreporter.com	1.0
pensacolatimes.com	1.0
silnews.com	1.0
gotquestions.org	1.0
nenewmexiconews.com	1.0
nwconnnews.com	1.0
c19sv.com	1.0
thescoop.us	1.0
intrepidreport.com	1.0
honolulureporter.com	1.0
thedcpatriot.com	1.0
tplnews.com	1.0
neuronation.com	1.0
fellowshipoftheminds.com	1.0
educateinspirechange.org/us	1.0
freedomcrossroads.us	1.0
showmestatetimes.com	1.0
wn.com	1.0
nemontananews.com	1.0
snopes.news	1.0
usasnich.com	3.0
eastkentuckytimes.com	1.0
renewamerica.com	1.0
northjeffconews.com	1.0
liberaldarkness.com	1.0
vaxxter.com	1.0
topinfopost.com	1.0
nelouisiananews.com	1.0
tallahasseesun.com	1.0
thealternativedaily.com	1.0
debunkingskeptics.com	1.0
thegatewaypundit.com	3.0
goodsciencing.com	1.0
madpatriots.com	1.0
twisted.news	1.0
channel46news.com	1.0
channel18news.com	2.0
globalrevolutionnetwork.com	2.0
globemagazine.com	1.0
thrivemovement.com	1.0
askingangels.com	1.0
usuncut.com	2.0
lastfrontiernews.com	1.0
denverguardian.com	3.0
newsconservative.com	1.0
cnn-internationaledition.com	1.0
conservativespirit.com	2.0
bluevision.news	1.0
seekr.com	1.0
iharare.com	1.0
g-a-i.org	1.0
pimatimes.com	1.0
ideaspots.com	1.0
nwvalleytimes.com	1.0
theamericanindependent.wordpress.com	1.0
tuscaloosaleader.com	1.0
northwichitanews.com	1.0
elelephantintheroom.blogspot.com	1.0
rivervalleytoday.com	1.0
northsactoday.com	1.0
freshdailyreport.com	3.0
pravoslavie.ru/ or  orthochristian.com	1.0
draxe.com	1.0
bigbluedimension.com	1.0
dailypoliticalnewswire.com	1.0
rsn.org	1.0
a-news24.com	2.0
prepperwebsite.com	1.0
northfultontoday.com	1.0
worldpoliticsus.com	2.0
renoreporter.com	1.0
northernclarkcountyherald.com	1.0
girlsjustwannahaveguns.com	1.0
thegrayzone.com	1.0
nnettle.com	1.0
naturalnewsradio.com	1.0
renegadetribune.com	1.0
thefullertoninformer.com	1.0
therundownlive.com	1.0
fdareporter.com	1.0
rfangle.com	1.0
denverinquirer.com	2.0
associatedmediacoverage.com	2.0
bongino.com	1.0
thehealthyamerican.org	1.0
thesmokersclub.com	1.0
huntsvilleleader.com	1.0
newsexaminer.net	2.0
ghost.report	1.0
morrisleader.com	1.0
southfront.org	1.0
otptribune.com	1.0
warnerrobinstoday.com	1.0
truthfrequencyradio.com	1.0
americankabuki.blogspot.com	1.0
mixi.media	1.0
wisevoter.com	1.0
livestrong.com	1.0
floridaparishnews.com	1.0
donaldtrumppotus45.com	2.0
americasfrontlinedoctors.com	1.0
kf13.com	2.0
quadrant.org.au	1.0
notrickszone.com	1.0
northshorelanews.com	1.0
usanewspolitics.com	2.0
freedomjunkshun.com	2.0
climatedepot.com	1.0
nationalrighttolifenews.org	1.0
download.news	1.0
rockislandtoday.com	1.0
hoggwatch.com	1.0
speech-point.com	1.0
ria.ru	1.0
mississippiherald.com	1.0
westoctimes.com	1.0
teaparty.org	4.0
vdare.com	2.0
patrioticviralnews.com	1.0
bignuggetnews.com	1.0
denvercitywire.com	1.0
nwmontananews.com	1.0
freerepublic.com	1.0
antelopevalleytoday.com	1.0
thedailysheeple.com	2.0
usaworldbox.com	1.0
mentor2day.com	3.0
brighteon.com	1.0
bluenationreview.com	1.0
downeasttimes.com	1.0
thatviralfeed.net	3.0
theracketreport.com	3.0
awm.com	2.0
en.kremlin.ru	1.0
express.co.uk	1.0
theminnesotasun.com	1.0
whatdoesitmean.com	3.0
voxtribune.com	3.0
southpimanews.com	1.0
nativestuff.us	1.0
swconnnews.com	1.0
english.cctv.com	1.0
eastarizonanews.com	1.0
sciencevibe.com	1.0
en.protothema.gr	1.0
southkentnews.com	1.0
westfieldpost.com	1.0
latitudes.org	1.0
tbdailynews.com	1.0
thenationalpatriot.com	1.0
collapse.news	1.0
journal-neo.org	2.0
slaynews.com	1.0
megafreshnews.com	1.0
dailyclout.io	1.0
mediamaxzone.com	2.0
illuminati-news.com	1.0
gopdailybrief.com	1.0
dailyleak.org	1.0
healthyandnaturalworld.com	1.0
sunshinesentinel.com	1.0
ladbible.com	1.0
investmentwatchblog.com	3.0
westernjournalism.com	1.0
boisecitywire.com	1.0
usadailyinfo.com	4.0
theragingpatriot.org	1.0
flashnewscorner.com	2.0
southhennepinnews.com	1.0
freedomadvocates.org	1.0
werk35.com	2.0
deadlyclear.wordpress.com	2.0
attn.com	1.0
fingerlakestoday.com	1.0
alternativemediasyndicate.com	2.0
hendersontimes.org	1.0
newsrescue.com	1.0
eastsandiegonews.com	1.0
truthexam.com	1.0
rawstory.com	1.0
montgomerymdnews.com	1.0
sarasotareview.com	1.0
milehighsentinel.com	1.0
scminnesotanews.com	1.0
upperdeltanews.com	1.0
dailyfeed.news	1.0
deadlinelive.info	1.0
northidahotimes.com	1.0
freedomsfinalstand.com	1.0
supplementreference.com	1.0
americansforprosperity.org	1.0
capecodledger.com	1.0
darkmoon.me	1.0
wndnewscenter.org	1.0
webdaily.com	2.0
mondoweiss.net	1.0
politros.com	1.0
fox-news24.com	1.0
altrighttv (dot) com	1.0
hsionline.com	1.0
westsbvtimes.com	1.0
pomonavalleynews.com	1.0
blacklistednews.com	2.0
liberty.news	1.0
conspiracywire.com	1.0
csglobe.com	1.0
usaonlinepolitics.com	1.0
americantoday.news	1.0
almasdarnews.com	1.0
senebraskanews.com	1.0
dailysignal.com	1.0
fakingnews.com	1.0
freedomdaily.com	3.0
pelicanstatenews.com	1.0
politnavigator.net	1.0
worldstoriestoday.com	2.0
frontpagemag.com	2.0
springfieldcitywire.com	1.0
21stcenturywire.com	2.0
clarionproject.org	1.0
ecalabamanews.com	1.0
mercedtimes.com	1.0
swnewmexiconews.com	1.0
lastdeplorables.com	3.0
newsjustforyou1.blogspot.com	1.0
bighairynews.com	2.0
ncminnesotanews.com	1.0
americanactionnews.com	1.0
jeffcotimes.com	1.0
redflagnews.com	1.0
theirishsentinel.com	1.0
infowars.com	2.0
madmaxworld.tv	1.0
djhjmedia.com	1.0
northinlandnews.com	1.0
culturewatchnews.com	1.0
metrolexnews.com	1.0
usaconservativereport.com	1.0
silverbearcafe.com	1.0
conservativeundergroundnews.com	1.0
yesimright.com	2.0
biotechexpressmag.com	1.0
gaia.com	2.0
lifeprevention.com	1.0
outragedpatriot.com	1.0
morningledger.com	1.0
secondamendmentdaily.com	1.0
bvanews.com	1.0
conservativepapers.com	2.0
westernjournal.com	1.0
countercurrents.org	1.0
dailythings.world	1.0
breakingnews365.net	1.0
tehrantimes.com	1.0
billmuehlenberg.com	1.0
conservativeplaylist.com	1.0
mainelakesnews.com	1.0
channel63news.com	1.0
americanthinker.com	2.0
acting-man.com	2.0
answersingenesis.org	1.0
causeur.fr	1.0
muskegonsun.com	1.0
counterpsyops.com	1.0
in the conspiracy-pseudoscience category may publish unverifiable information that is not always supported by evidence. these sources may be untrustworthy for credible/verifiable information; therefore, fact-checking and further investigation is recommended on a per article basis when obtaining information from these sources. see all conspiracy-pseudoscience sources.	1.0
americanoverlook.com	2.0
empirestatetoday.com	1.0
patriotfront.us	1.0
presidentialvoting2016.com	1.0
healthranger.com	1.0
c19quercetin.com	1.0
climate.news	1.0
usacrime.com/hoodsite	1.0
naturalblaze.com	1.0
kentuckianatimes.com	1.0
analyzingamerica.org	1.0
thebluestateconservative.com	1.0
rumorjournal.com	3.0
southstlnews.com	1.0
gop.com	1.0
enduringvision.com	2.0
wakingtimes.com	2.0
steadfastclash.com	1.0
usawatchdog.com	3.0
awdnews.com	1.0
caixinglobal.com	1.0
seacoaststandard.org	1.0
georgiamountainnews.com	1.0
creation.com	1.0
bostonbroadside.com	1.0
collectivelyconscious.net	1.0
canadafreepress.com	2.0
selatimes.com	1.0
channel62news.com	1.0
carm.org	1.0
waronfakes.com	1.0
ijr.com	1.0
citizensjournal.us	1.0
newsformetoday.com	1.0
kankakeetimes.com	1.0
counterjihad.com	1.0
northegyptnews.com	1.0
faithpanda.com	1.0
phxreporter.com	1.0
grandjunctiontimes.com	1.0
smobserved.com	1.0
weeklystandard.com	1.0
alt-market.com	1.0
freedom.news	1.0
thepuristonline.com	1.0
dcclothesline.com	2.0
wcmichigannews.com	1.0
eastlittlerocktimes.com	1.0
kcna.kp	1.0
newcenturytimes.com	2.0
extraclubmagazine.com	1.0
infiniteunknown.net	2.0
sealaskanews.com	1.0
realnewsrightnow.com	3.0
northacadiananews.com	1.0
thelibertyloft.com	1.0
rationalground.com	1.0
c19vitamind.com	1.0
aanirfan.blogspot.co.uk	1.0
southernconservativeextra.com	2.0
africanexponent.com	1.0
realclimatescience.com	1.0
wcminnesotanews.com	1.0
weshapelife.org	1.0
alternativenews.com	1.0
freetelegraph.com	1.0
theconservativetreehouse.com	2.0
patriotusa.website	2.0
cancer.news	1.0
dailycaller.com	1.0
readynutrition.com	1.0
worldlifestyle.com	1.0
themiamigazette.com	1.0
eastpanhandlenews.com	1.0
newslogue.com	1.0
loanpride.com	1.0
americangulag.org	1.0
pinebelttimes.com	1.0
theproudliberal.org	1.0
nekentuckynews.com	1.0
thinkinghumanity.com	1.0
centrallouisiananews.com	1.0
davejanda.com	1.0
warrensun.com	1.0
nationalsecurity.news	1.0
4threvolutionarywar.wordpress.com	1.0
thefederalist.com	1.0
manilabusinessdaily.com	1.0
threepercenternation.com	2.0
americaoutloud.com	1.0
nwjerseynews.com	1.0
nymeta.co	1.0
c19aspirin.com	1.0
c19ns.com	1.0
nowthisnews.com	1.0
summerlinreporter.com	1.0
economictimes.indiatimes.com	1.0
clayandbuck.com	1.0
bestthings.us	1.0
ewg.org	1.0
religiousmind.com	1.0
healthy-holistic-living.com	2.0
maloneinstitute.org	1.0
eastalamedanews.com	1.0
beforeitsnews.com	3.0
americanpoliticnews.co	3.0
redcountry.us	4.0
thedailybell.com	1.0
washingtonsblog.com	1.0
truthbasedmedia.com	1.0
americablog.com	1.0
housatonicvalleynews.com	1.0
firstpost.com	1.0
doctors4covidethics.org	1.0
chicagocitywire.com	1.0
resistthemainstream.org	1.0
eciowanews.com	1.0
sgvstandard.com	1.0
northbaltimorejournal.com	1.0
pressfortruth.ca	1.0
whatregistrater.com/xq289	1.0
healthyworldhouse.com	3.0
mobilecourant.com	1.0
realtimepolitics.com	1.0
usviewer.com	2.0
c19fluvoxamine.com	1.0
avoiceformen.com	1.0
cloverchronicle.com	1.0
ecnebraskanews.com	1.0
americanconservativemovement.com	1.0
cei.org	1.0
metroeastsun.com	1.0
newsbbc.net	2.0
newsmagazine.com	2.0
politicot.com	2.0
winecountrytimes.com	1.0
swnewhampshirenews.com	1.0
biologos.org	1.0
doctoroz.com	1.0
amerika.org	1.0
times.com.mx	4.0
meforum.org	1.0
southabqnews.com	1.0
silver-coin-investor. com	1.0
southmainenews.com	1.0
angrypatriotmovement.com	3.0
cnn-business-news.ga	2.0
manateereview.com	1.0
anonhq.com	2.0
lasvegascitywire.com	1.0
libertyhangout.org	1.0
baldwintimes.com	1.0
reedcooper.net	1.0
usa2016elections.com	2.0
councilforthenationalinterest.org	1.0
adareporter.com	1.0
pulaskitimes.com	1.0
worldstarhiphop.com	1.0
youm7.com	1.0
usahitman.com	2.0
physiciansforinformedconsent.org	1.0
bentontimes.com	1.0
willcountygazette.com	1.0
undergroundworldnews.com	2.0
govtslaves.info	1.0
redrocktribune.com	3.0
365usanews.com	1.0
nebraskabusinessdaily.com	1.0
talknetwork.com	1.0
thedesertreview.com	1.0
abcnews.com.co	3.0
npiamerica.org	1.0
newzmagazine.com	1.0
informetoday.com	1.0
stpaulreporter.com	1.0
ecgeorgianews.com	1.0
anonymouswire.com	1.0
thelaughclub.net	1.0
southbirminghamtimes.com	1.0
nwillinoisnews.com	1.0
southjerseysun.com	1.0
madworldnews.com	3.0
hillsboroughsun.com	1.0
afn.net	1.0
worldnewsdailyreport.com	1.0
ammoland.com	1.0
amplifyingglass.com	1.0
americasfreedomfighters.com	2.0
weaselzippers.us	1.0
newsview.gr	1.0
thetruthdivision.com	1.0
memri.org	1.0
ewao.com	1.0
insuranceratereporter.com	1.0
americancatholictribune.com	1.0
patriots4truth.org	1.0
detroitcitywire.com	1.0
lakecountygazette.com	1.0
wikispooks.com	2.0
judicialwatch.org	1.0
redinfo.us	1.0
federalisttribune.com	2.0
sturgiscoldwaternews.com	1.0
departedmedia.com	2.0
patriotpost.us	1.0
mexicobusinessdaily.com	1.0
newsready.com	1.0
unioncountyreview.com	1.0
shelbyreview.com	1.0
nwmissouritimes.com	1.0
setwincities.com	1.0
chicksontheright.com	1.0
winterwatch.net	1.0
verdugosnews.com	1.0
thelibertyrevolution.com	1.0
empirenews.net	2.0
medicalmedium.com	1.0
wealthmanagementwire.com	1.0
newsfrompolitics.com	2.0
battlecreektimes.com	1.0
catholic.org	1.0
macombdigest.com	1.0
notizzia.com	1.0
wikileaks.com	1.0
jonesreport.com	1.0
conservativefreepress.com	1.0
redwoodempirenews.com	1.0
usanetwork.info	1.0
progressivestoday.com	1.0
wattsupwiththat.com	1.0
snanews.de	1.0
alabamaobserver.com	1.0
southlaketoday.com	1.0
icandecide.org	1.0
dagospia.com	1.0
steadfastdaily.com	1.0
vermontindependent.net	1.0
mainstreamfakemedia.com	1.0
americandigitalnews.com	1.0
goop.com	1.0
lesmoutonsrebelles.com	1.0
the-insider.co	3.0
southiowanews.com	1.0
nationalinsiders.com	1.0
worldtribune.com	1.0
neconnnews.com	1.0
toofab.com	1.0
breaking911.com	2.0
breakingnews247.net	2.0
tri-cityrecord.org	1.0
wrejnews.com	1.0
nmbusinessdaily.com	1.0
news14now.com	1.0
houstonchronicle-tv.com	1.0
houmathibodauxnews.com	1.0
westpennyroyalnews.com	1.0
kalamazootimes.com	1.0
colonews.org	1.0
freedomproject.com	1.0
dailykos.com	1.0
southmichigannews.com	1.0
natall.com	1.0
capitaldistricttimes.com	1.0
thehayride.com	1.0
religionlo.com	1.0
israelunwired.com	1.0
anyavien.com	1.0
truepundit.com	1.0
nenebraskanews.com	1.0
newnationalist.net	1.0
c19zinc.com	1.0
observeronline.news	1.0
katehon.com	2.0
rickwells.us	1.0
everetttimes.com	1.0
nwclarknews.com	1.0
newsmax.com	2.0
food.news	1.0
floridacapitalstar.com	1.0
westcentralreporter.com	1.0
responsibletechnology.org	2.0
lancastercourier.com	1.0
sckansasnews.com	1.0
washingtonsources.org	1.0
realplanetnews.com	1.0
uspoliticsinfo.com	1.0
rt.com/news	1.0
gmowatch.com	1.0
theeventchronicle.com	2.0
therightstuff.biz	1.0
thedailyworld.net	1.0
theuspatriot.com	1.0
polktimes.com	1.0
pennsylvaniaindependent.com	1.0
thebreakingnews.co	1.0
yubasuttertimes.com	1.0
southmiddlesextimes.com	1.0
healthrangerreport.com	1.0
therealstrategy.com	1.0
thebostontribune.com	2.0
semissourinews.com	1.0
oathkeepers.org	1.0
thebigriddle.com	3.0
northbrowardnews.com	1.0
health.news	1.0
thescinewsreporter.com	1.0
roguereview.net	1.0
gadsdentoday.com	1.0
cernovich.com	1.0
usatodaynews.me	3.0
worldhealth.net	1.0
lifezette.com	2.0
donaldjtrump.com	1.0
silverdoctors.com	1.0
usadailytime.com	3.0
northlittlerocktimes.com	1.0
healthimpactnews.com	2.0
jw.org	1.0
magnoliastatenews.com	1.0
jedanews.com	1.0
theleadingreport.com	1.0
fayettevillestandard.com	1.0
monroenynews.com	1.0
usfanzone.com	1.0
libertyalliance.com	3.0
israel365news.com	1.0
ripostelaique.com	1.0
truthandaction.org	2.0
thepatriotnation.net	1.0
patriotchronicle.com	1.0
intrendtoday.com	2.0
24newsflash.com	1.0
theblacksphere.net	1.0
creationwiki.org/main_page	1.0
channel55news.com	1.0
seminnesotanews.com	1.0
healthycareandbeauty.com	3.0
carbondalereporter.com	1.0
vaccinesafety.info	1.0
news4ktla.com	3.0
blackeyepolitics.com	1.0
teddystick.com	2.0
react365.com	3.0
cedarrapidstoday.com	1.0
guccifer2.wordpress.com	1.0
newsninja2012.com	1.0
caldronpool.com	1.0
northmiddlesextimes.com	1.0
breakingchristiannews.com	1.0
iowaclimate.org	1.0
filmingcops.com	1.0
dollarvigilante.com	1.0
patriotcrier.com	1.0
thetruthaboutcancer.com	2.0
guerilla.news	1.0
wetheproudpatriots.com	1.0
getholistichealth.com	1.0
iowacitytoday.com	1.0
centralpatimes.com	1.0
in5d.com	1.0
theconnecticutstar.com	1.0
fairus.org	1.0
bluevisionpost.com	1.0
nesacramentonews.com	1.0
nodisinfo.com	1.0
theusa-news.com	3.0
unlimitedhangout.com	1.0
delawarevalleysun.com	1.0
southlouisiananews.com	1.0
areyouasleep.com	1.0
washingtontimes.com	1.0
thefederalistpapers.org	2.0
monmouthtimes.com	1.0
nwlatimes.com	1.0
collective-evolution.com	2.0
patriotpulse.net	1.0
nealabamanews.com	1.0
wciowanews.com	1.0
sandhillstoday.com	1.0
amestoday.com	1.0
en-volve.com	2.0
boilingfrogspost.com	1.0
goldcountrytoday.com	1.0
wiregrasstimes.com	1.0
resistancereport.com	1.0
paris.actualites.co	1.0
channel68news.com	1.0
nordicmonitor.com	1.0
heightpost.com	1.0
wethepeopledaily.com	1.0
natives-today.com	1.0
24wpn.com	2.0
prepareforchange.net	1.0
needtoknow.news	1.0
littlethings.com	1.0
chlorellafactor.com	1.0
usasupreme.com	4.0
ladylibertysnews.com	1.0
southsgvnews.com	1.0
babylonbee.com	1.0
desantisdaily.com	1.0
eng.majalla.com	1.0
hotspringstimes.com	1.0
therightists.com	1.0
clashdaily.com	4.0
familysecuritymatters.org	1.0
sekansascitynews.com	1.0
realjewnews.com	1.0
westtwincities.com	1.0
presstv.com	1.0
digifection.com	1.0
southbayleader.com	1.0
hindustantimes.com	1.0
thebeltwayreport.com	1.0
baltimorecitywire.com	1.0
conservativepaper.com	1.0
democraticmoms.com	1.0
mdbusinessdaily.com	1.0
columbiamonews.com	1.0
southjeffconews.com	1.0
northvegastimes.com	1.0
msnbc.website	2.0
lopezreport.com	1.0
en.metapedia.org/wiki/main_page	1.0
billionbibles.org	1.0
thecommonsenseshow.com	2.0
blog.veterantv.net	1.0
politicalsitenews.com	2.0
westlatimes.com	1.0
dailyheadlines.com	2.0
stcharlestimes.com	1.0
northiowareporter.com	1.0
lakeregionnews.com	1.0
cgtn.com	1.0
mpidailymagazine.com	2.0
awarenessact.com	3.0
jamesrgrangerjr.com	1.0
litchfieldhillstoday.com	1.0
northmianews.com	1.0
americanpeoplenetwork.com	1.0
southkcnews.com	1.0
siouxcitytimes.com	1.0
micdroppolitics.com	1.0
empireherald.com	2.0
thecontroversialfiles.net	2.0
learntherisk.org	1.0
freewestmedia.com	1.0
hagmannreport.com	1.0
dailygrail.com	1.0
factcheckingturkey.com	1.0
andmagazine.com	1.0
europe-israel.org	1.0
nationindistress.weebly.com	1.0
bients.com	2.0
cnn.com.de	1.0
northbostonnews.com	1.0
louisvillecitywire.com	1.0
justthenews.com	1.0
openmagazines.com	3.0
coastalganews.com	1.0
revolutions2040.com	2.0
bluelinestrong.net	2.0
freedomsphoenix.com	1.0
yavapainews.com	1.0
nwriversidenews.com	1.0
topekasun.com	1.0
rightwingnews.com	2.0
amg-news.com	1.0
westessexnews.com	1.0
activistpost.com	2.0
newswithviews.com	2.0
thenewsdoctors.com	1.0
states-tv.com	1.0
gtrtimes.com	1.0
endoftheamericandream.com	1.0
arizonasuntimes.com	1.0
scmissnews.com	1.0
wcnewmexiconews.com	1.0
westsfvtoday.com	1.0
veteransnewsnow.com	1.0
reformedmedia.net	1.0
northcoastcanews.com	1.0
actionnews3.com	1.0
surreytelegraph.com	1.0
bugout.news/#	1.0
stgeorgegazette.com	1.0
world.politics.com	2.0
northessexnews.com	1.0
westatlantanews.com	1.0
oaklandcitywire.com	1.0
brightside.me	1.0
liberty-courier.com	1.0
libertymovementradio.com	1.0
wcmissnews.com	1.0
it.sputniknews.com	1.0
americanpharmacynews.com	1.0
southeasterntimes.org	1.0
bullionbullscanada.com	1.0
worlddoctorsalliance.com	1.0
perezhilton.com	1.0
teoinfo.com	1.0
remnantnewspaper.com	1.0
northnevadanews.com	1.0
newssloth.com	1.0
personalinterpretation.com	1.0
personalliberty.com	1.0
freedomforceinternational.com	1.0
stream.org	1.0
usinfonews.com	3.0
southindynews.com	1.0
fourwinds10.net	1.0
newswire-24.com	1.0
ihr.org	1.0
conservativepost.com	1.0
breakingtop.world	1.0
northpimanews.com	1.0
therightscoop.com	2.0
newsbreakhere.com	2.0
eastnewmexiconews.com	1.0
gucmakale.com	1.0
ourlandofthefree.com	1.0
thumbreporter.com	1.0
eastventuranews.com	1.0
acpeds.org	1.0
usapoliticstoday.com	2.0
onlineconservativepress.com	1.0
nwbergennews.com	1.0
focusonthefamily.com	1.0
hernandoreporter.com	1.0
azcatholictribune.com	1.0
enabon.com	2.0
freedomworldnews.com	1.0
c19regn.com	1.0
ruptly.tv	1.0
nvic.org	1.0
thecovidworld.com	1.0
halfwaypost.com	1.0
duvaltimes.com	1.0
centralmissourinews.com	1.0
gatestoneinstitute.org	1.0
knightstemplarorder.com	1.0
topwar.ru/news/ or en.topwar.ru/about.html	1.0
thelastlineofdefense.org	2.0
naturallysavvy.com	1.0
strategic-culture.org	1.0
swminnesotatoday.com	1.0
usadailythings24.com	2.0
c19mp.com	1.0
southsactoday.com	1.0
dutchsinse.com	1.0
conspiracydailyupdate.com	1.0
northdsmnews.com	1.0
kauaisun.com	1.0
conservativematrix.com	1.0
swkansasnews.com	1.0
wearechange.org	2.0
usadailypost.us	1.0
citizengo.org	1.0
nwlouisiananews.com	1.0
front.moveon.org	1.0
judithcurry.com	1.0
newsblaze.com	1.0
merrimackvalleynews.com	1.0
nwlaketimes.com	1.0
thepatriotjournal.com	1.0
pacatholictribune.com	1.0
beholdisrael.org	1.0
themindunleashed.com	2.0
rumble.com	1.0
dailytelegraph.com.au	1.0
redstatenation.com	1.0
thetruereporter.com	1.0
ahtribune.com	1.0
viralcocaine.com	1.0
concisepolitics.com	1.0
concordledger.com	1.0
leftcult.com	1.0
alohastatenews.com	1.0
jacksonpurchasenews.com	1.0
enchantmentstatenews.com	1.0
everytownresearch.org	1.0
the-postillon.com	1.0
dissident-mag.com	1.0
worldviewweekend.com	1.0
aim4truth.org	1.0
southalabamatimes.com	1.0
wazanews.tk	1.0
earthpulse.com	1.0
barenakedislam.com	1.0
sanevax.org	1.0
thetrumpet.com	1.0
heresyblog.net	1.0
americanreviewer.com	2.0
hutchtoday.com	1.0
politicalanimalnews.com	1.0
bloomingtonleader.com	1.0
moonbattery.com	1.0
republicworld.com	1.0
sputnikglobe.com	1.0
dailyboulder.com	1.0
thepeoplescube.com	1.0
miamicourant.com	1.0
medicine.news	1.0
peachtreetimes.com	1.0
conservativedailynews.com	1.0
northhennepinnews.com	1.0
homevaccineeducationnetwork.com	1.0
actualidadpanamericana.com	1.0
washingtonfed.com	2.0
channel77news.com	1.0
centennialstatenews.com	1.0
naturalnewsblogs.com	2.0
viralactions.com	3.0
blackgenocide.org	2.0
humansarefree.com	2.0
thenationalmarijuananews.com	1.0
conservativefighters.com	2.0
truthkings.com	1.0
newsbysquad.com	4.0
forfreedomworld.com	1.0
ecindiananews.com	1.0
protrumpnews.com	1.0
thenewyorkevening.com	3.0
dataasylum.com	1.0
jokerviral.com	1.0
dcdirtylaundry.com	1.0
gloucestertoday.com	1.0
ingredients.news	1.0
fr24news.com	1.0
lifespa.com	1.0
buffaloledger.com	1.0
theheartysoul.com	1.0
cfact.org	1.0
climatescienceinternational.org	1.0
investmentresearchdynamics.com	1.0
southorlandonews.com	1.0
911truth.org	1.0
truthfeed.com	1.0
seindiananews.com	1.0
amoskeagtimes.com	1.0
panamacityreporter.com	1.0
blckbx.tv	1.0
hrdailywire.com	1.0
theseattletribune.com	1.0
qpolitical.com	1.0
yournews.com	1.0
pontiactimes.com	1.0
dublintribune.com	1.0
pakalertpress.com	2.0
theiowastar.com	1.0
mnbusinessdaily.com	1.0
sciencetimes.com	1.0
indystandard.com	1.0
cair.com	1.0
kokomostandard.com	1.0
conservativefiringline.com	2.0
wftj8news.com	1.0
newsglobal.com	1.0
southatlantanews.com	1.0
elizabethjohnston.org	1.0
tmzworldnews.com	3.0
satiratribune.com	1.0
subjectpolitics.com	1.0
thelibertymill.com	1.0
libertyblitzkrieg.com	1.0
politicsintheusa.com	1.0
atlanticcotimes.com	1.0
ebaumsworld.com	1.0
mrconservative.com	1.0
uslifetoday.com	1.0
chinadaily.com.cn	1.0
globalresearch.ca	2.0
willyloman.wordpress.com	1.0
freeinquirer.com	1.0
foreignpolicyi.org	1.0
usconservativetoday.com	2.0
savannahstandard.com	1.0
automotostar.com	1.0
americansfortruth.com	1.0
nekansascitynews.com	1.0
coasttocoastam.com	2.0
norfolkreporter.com	1.0
cobbnewsga.com	1.0
meanlefthook.com	1.0
readconservatives.news	3.0
northbluegrassnews.com	1.0
tularetimes.com	1.0
understandingthethreat.com	1.0
usadosenews.com	3.0
gopthedailydose.com	2.0
supremepatriot.com	2.0
naturalhealth365.com	1.0
bipartisanreport.com	2.0
eastcentralreporter.com	1.0
swvegasnews.com	1.0
worldnewscircle.com	1.0
ronpaulinstitute.org	1.0
zerohedge.com	2.0
ageofautism.com	1.0
swgeorgianews.com	1.0
ncmassnews.com	1.0
swarajyamag.com	1.0
truthinmedia.com	1.0
interioralaskanews.com	1.0
wallstreetonparade.com	1.0
basnews.com	1.0
southcentralreporter.com	1.0
prisonplanet.com	2.0
geneseenews.com	1.0
macombtoday.com	1.0
anonews.co	1.0
heartland.org	2.0
freebeacon.com	1.0
thepeoplesvoice.tv	1.0
ncfloridanews.com	1.0
friatider.se	1.0
thereligionofpeace.com	1.0
worldpoliticsnow.com	3.0
noticias365.info	1.0
goodgopher.com	1.0
southsfvtoday.com	1.0
fromthetrenchesworldreport.com	1.0
bluestatebluesnews.com	1.0
nwkansasnews.com	1.0
channel56news.com	1.0
profam.org	1.0
palmcoasttimes.com	1.0
northgwinnettnews.com	1.0
buzzloving.com	1.0
endthefed.org	1.0
scconnnews.com	1.0
pandemic.news	1.0
theblaze.com	2.0
economicnoise.com	1.0
joerogan.com	1.0
overpassesforamerica.com	1.0
santaclaratoday.com	1.0
lucianne.com	1.0
zootfeed.com	1.0
charismanews.com	2.0
georgiastarnews.com	1.0
nebergennews.com	1.0
in the conspiracy-pseudoscience category may publish unverifiable information that is not always supported by evidence. these sources may be untrustworthy for credible/verifiable information; therefore, fact-checking and further investigation is recommended on a per article basis when obtaining information from these sources. see all conspiracy-pseudoscience sources.	1.0
washingtonevening.com	1.0
eyeopening.info	1.0
70news.wordpress.com	2.0
youngcons.com	1.0
swmissnews.com	1.0
secoloradonews.com	1.0
southdsmnews.com	1.0
novitimes.com	1.0
goldenstatetoday.com	1.0
metrowesttimes.com	1.0
junkscience.com	1.0
trendingpolitics.com	1.0
thebeardedpatriot.com	1.0
x22report.com	2.0
westindynews.com	1.0
socialeverythings.com	3.0
independentsciencenews.org	1.0
gulfnews.com	1.0
larimernews.com	1.0
nbc.com.co	3.0
silverstealers.net	1.0
centralbrowardnews.com	1.0
foreverconscious.com	1.0
oilgeopolitics.net	1.0
donaldtrumpnews.co	2.0
revolver.news	1.0
defenddemocracy.press	1.0
cureus.com	1.0
westernwaynetoday.com	1.0
channel66news.com	1.0
ftwaynetimes.com	1.0
usherald.com	3.0
gunsternews.com	1.0
westvolusianews.com	1.0
cnnsofake.news	1.0
freedomfirstnetwork.com	1.0
newshourfirst.com	1.0
myfreshnews.com	2.0
deplorablekel.com	1.0
mtonews.com	1.0
thetruthvoice.net	1.0
wyandottetimes.com	1.0
romereporter.com	1.0
mtbusinessdaily.com	1.0
currentsciencedaily.com	1.0
larouchepac.com	1.0
isthatlegit.com	1.0
weconservative.com	1.0
tricitysun.com	1.0
dailysidnews.com	1.0
minnesotastatewire.com	1.0
joebiden.news	1.0
marinleader.com	1.0
c19proxalutamide.com	1.0
moonofalabama.org	2.0
centralidahotimes.com	1.0
louderwithcrowder.com	1.0
australiannationalreview.com	1.0
vigilantcitizen.com	3.0
capemonews.com	1.0
theconservativecentral.com	1.0
scmissourinews.com	1.0
pennsylvaniadailystar.com	1.0
righterway.com	1.0
swarizonanews.com	1.0
westbanklanews.com	1.0
politicass.com	1.0
rightalert.com	1.0
grandrapidsreporter.com	1.0
worldwidehealthy.com	1.0
vancouvertimes.org	1.0
shareblue.com	1.0
theforbiddenknowledge.com	1.0
dubuquetimes.com	1.0
stormfront.org/forum/blogs/recent-entries	1.0
albertatimes.com	1.0
emirates247.com	1.0
newswars.com	1.0
southbrowardnews.com	1.0
midcoasttoday.com	1.0
nwalabamanews.com	1.0
westcooknews.com	1.0
immediatesafety.org	2.0
eastcontracostanews.com	1.0
greanvillepost.com	2.0
southpinellastimes.com	1.0
davidwolfe.com	2.0
magicvalleytimes.com	1.0
fprnradio.com	1.0
assassinationscience.com	2.0
consciouslifenews.com	2.0
thepremiumnews.com	1.0
tdtalliance.com	3.0
rairfoundation.com	1.0
libertybell.com	1.0
newswatch28.com	2.0
freakoutnation.com	1.0
whydontyoutrythis.com	2.0
acallforanuprising.com	1.0
glaciercountrynews.com	1.0
northindynews.com	1.0
rumormillnews.com	2.0
mena.org.eg/en	1.0
conservativedailypost.com	4.0
nvbusinessdaily.com	1.0
msgulfnews.com	1.0
itmakessenseblog.com	2.0
newsoftrump.com	1.0
redpillpodcasts.com	1.0
redrightdaily.com	1.0
weekendpoliticalnews.com	1.0
dailyinfobox.com	2.0
nationalufocenter.com	1.0
news.gab.com	1.0
stormer-daily.rw	1.0
amtvmedia.com	2.0
rockinghamtimes.com	1.0
usatwentyfour.com	2.0
electionnightgatekeepers.com	1.0
experimentalvaccines.org	1.0
militianews.com	1.0
bonsens.info	1.0
newnation.org	1.0
dailynews5.com	2.0
conservativerevival.com	1.0
genzconservative.com	1.0
riverparishnews.com	1.0
embols.com	1.0
dakotatimes.com	1.0
innerstrength.zone	1.0
waterfordtoday.com	1.0
welovenative.com	2.0
altermedzentrum.com	1.0
naturalmedicine.news	1.0
ivmmeta.com	1.0
prairiestatewire.com	1.0
usamagazinestudio.com	2.0
globaltimes.cn	1.0
mainehighlandsnews.com	1.0
thewatchtowers.com	1.0
coed.com	1.0
gopusa.com	1.0
gardenstatetimes.com	1.0
lifenews.com	2.0
countyweekly.com	1.0
sanjosestandard.com	1.0
wichitastandard.com	1.0
nativeamericans.us	2.0
searizonanews.com	1.0
federalistpress.com	2.0
evolutionnews.org	1.0
centraliowatimes.com	1.0
covid19criticalcare.com	1.0
eutopia.buzz	1.0
newarkreporter.com	1.0
c19colchicine.com	1.0
politicalblindspot.com	1.0
libertyunyielding.com	2.0
rockinghamjournal.com	1.0
davidicke.com	1.0
